{
    "searchKey": [  
        {  
           "id":"1",       
           "keywordFields":[  
              {  
                 "field":"Loan Number",
                 "value":"987654",
                 "type":"N",
                 "size":"20"
              },
              {  
                 "field":"Customer Name",
                 "value":"ROBERTG.VEGA",
                 "type":"A",
                 "size":"20"
              },
              {  
                 "field":"Loan Amount",
                  "value":"20",
                    "type":"C",
                     "size":"20"
              },           
              {  
                 "field":"Loan Date",
                  "value":"12/11/2010",
                    "type":"D",
                     "size":"10"
              },
               {  
                 "field":"Street Address",
                  "value":"98 EAST SILVER",
                    "type":"A",
                     "size":"20"
              },
                {  
                 "field":"City",
                  "value":"Queen Creek",
                    "type":"A",
                     "size":"20"
              }
            ]
        },
          {  
           "id":"2",       
           "keywordFields":[  
              {  
                 "field":"Loan Number",
                 "value":"987654",
                 "type":"N",
                 "size":"20"
              },
              {  
                 "field":"Customer Name",
                 "value":"ROBERTG.VEGA",
                 "type":"A",
                 "size":"20"
              },
                {  
                 "field":"Loan Amount",
                  "value":"20",
                    "type":"C",
                     "size":"20"
              },           
              {  
                 "field":"Loan Date",
                  "value":"12/11/2010",
                    "type":"D",
                     "size":"10"
              },
              {  
                 "field":"Street Address",
                  "value":"98 EAST SILVER",
                    "type":"A",
                     "size":"20"
              }
           ]
        }      
  ]
  
}