{
    "children":[
        {"documentID":"1","name":"LN - Application - 987657 - 8/12/2014" ,"tempvariableID":"1"},
        {"documentID":"2","name":"LN - Notes - 987654 - 8/18/2014","tempvariableID":"2"},
        {"documentID":"3","name":"LN - Application - 987658 - 8/12/2014","tempvariableID":"3"},
        {"documentID":"4","name":"LN - Notes - 987659 - 8/18/2014","tempvariableID":"4"},
        {"documentID":"5","name":"LN - Application - 987657 - 8/12/2014","tempvariableID":"5"},
        {"documentID":"6","name":"LN - Notes - 987652 - 8/18/2014","tempvariableID":"6"},
        {"documentID":"7","name":"LN - Application - 987651 - 8/12/2014","tempvariableID":"7"},
        {"documentID":"8","name":"LN - Application - 987657 - 8/12/2014","tempvariableID":"8"},
        {"documentID":"9","name":"LN - Notes - 987654 - 8/18/2014","tempvariableID":"9"},
        {"documentID":"10","name":"LN - Application - 987658 - 8/12/2014","tempvariableID":"10"},
        {"documentID":"11","name":"LN - Notes - 987659 - 8/18/2014","tempvariableID":"11"},
        {"documentID":"12","name":"LN - Application - 987657 - 8/12/2014","tempvariableID":"12"},
        {"documentID":"13","name":"LN - Notes - 987659 - 8/18/2014","tempvariableID":"13"},
        {"documentID":"14","name":"LN - Application - 987657 - 8/12/2014","tempvariableID":"14"},
        {"documentID":"15","name":"LN - Application - 987657 - 8/12/2014","tempvariableID":"15"},
        {"documentID":"16","name":"LN - Application - 987658 - 8/12/2014","tempvariableID":"16"},
        {"documentID":"17","name":"LN - Notes - 987659 - 8/18/2014","tempvariableID":"17"},
        {"documentID":"18","name":"LN - Application - 987657 - 8/12/2014","tempvariableID":"18"},
        {"documentID":"19","name":"LN - Notes - 987659 - 8/18/2014","tempvariableID":"19"},
        {"documentID":"20","name":"LN - Application - 987657 - 8/12/2014","tempvariableID":"20"},
        {"documentID":"21","name":"LN - Application - 987657 - 8/12/2014","tempvariableID":"21"},
        {"documentID":"22","name":"LN - Notes - 987654 - 8/18/2014","tempvariableID":"22"},
        {"documentID":"23","name":"LN - Application - 987658 - 8/12/2014","tempvariableID":"23"},
        {"documentID":"24","name":"LN - Notes - 987659 - 8/18/2014","tempvariableID":"24"},
        {"documentID":"25","name":"LN - Application - 987657 - 8/12/2014","tempvariableID":"25"},
        {"documentID":"26","name":"LN - Notes - 987652 - 8/18/2014","tempvariableID":"26"},
        {"documentID":"27","name":"LN - Application - 987651 - 8/12/2014","tempvariableID":"27"},
        {"documentID":"28","name":"LN - Application - 987657 - 8/12/2014","tempvariableID":"28"},
        {"documentID":"29","name":"LN - Notes - 987654 - 8/18/2014","tempvariableID":"29"},
        {"documentID":"30","name":"LN - Application - 987658 - 8/12/2014","tempvariableID":"30"},
        {"documentID":"31","name":"LN - Notes - 987659 - 8/18/2014","tempvariableID":"31"},
        {"documentID":"32","name":"LN - Application - 987657 - 8/12/2014","tempvariableID":"32"},
        {"documentID":"33","name":"LN - Notes - 987659 - 8/18/2014","tempvariableID":"33"},
        {"documentID":"34","name":"LN - Application - 987657 - 8/12/2014","tempvariableID":"34"},
        {"documentID":"35","name":"LN - Application - 987657 - 8/12/2014","tempvariableID":"35"}
        ]
    }
